Name,Rate,Price,Category
A Light in the Attic,3,51.77,Travel
Tipping the Velvet,1,53.74,Travel
Soumission,1,50.1,Travel
Sharp Objects,4,47.82,Travel
Sapiens: A Brief History of Humankind,5,54.23,Travel
The Requiem Red,1,22.65,Travel
The Dirty Little Secrets of Getting Your Dream Job,4,33.34,Travel
"The Coming Woman: A Novel Based on the Life of the Infamous Feminist, Victoria Woodhull",3,17.93,Travel
The Boys in the Boat: Nine Americans and Their Epic Quest for Gold at the 1936 Berlin Olympics,4,22.6,Travel
The Black Maria,1,52.15,Travel
"Starving Hearts (Triangular Trade Trilogy, #1)",2,13.99,Travel
Shakespeare's Sonnets,4,20.66,Travel
Set Me Free,5,17.46,Travel
Scott Pilgrim's Precious Little Life (Scott Pilgrim #1),5,52.29,Travel
Rip it Up and Start Again,5,35.02,Travel
"Our Band Could Be Your Life: Scenes from the American Indie Underground, 1981-1991",3,57.25,Travel
Olio,1,23.88,Travel
Mesaerion: The Best Science Fiction Stories 1800-1849,1,37.59,Travel
Libertarianism for Beginners,2,51.33,Travel
It's Only the Himalayas,2,45.17,Travel
A Light in the Attic,3,51.77,Mystery
Tipping the Velvet,1,53.74,Mystery
Soumission,1,50.1,Mystery
Sharp Objects,4,47.82,Mystery
Sapiens: A Brief History of Humankind,5,54.23,Mystery
The Requiem Red,1,22.65,Mystery
The Dirty Little Secrets of Getting Your Dream Job,4,33.34,Mystery
"The Coming Woman: A Novel Based on the Life of the Infamous Feminist, Victoria Woodhull",3,17.93,Mystery
The Boys in the Boat: Nine Americans and Their Epic Quest for Gold at the 1936 Berlin Olympics,4,22.6,Mystery
The Black Maria,1,52.15,Mystery
"Starving Hearts (Triangular Trade Trilogy, #1)",2,13.99,Mystery
Shakespeare's Sonnets,4,20.66,Mystery
Set Me Free,5,17.46,Mystery
Scott Pilgrim's Precious Little Life (Scott Pilgrim #1),5,52.29,Mystery
Rip it Up and Start Again,5,35.02,Mystery
"Our Band Could Be Your Life: Scenes from the American Indie Underground, 1981-1991",3,57.25,Mystery
Olio,1,23.88,Mystery
Mesaerion: The Best Science Fiction Stories 1800-1849,1,37.59,Mystery
Libertarianism for Beginners,2,51.33,Mystery
It's Only the Himalayas,2,45.17,Mystery
A Light in the Attic,3,51.77,Mystery
Tipping the Velvet,1,53.74,Mystery
Soumission,1,50.1,Mystery
Sharp Objects,4,47.82,Mystery
Sapiens: A Brief History of Humankind,5,54.23,Mystery
The Requiem Red,1,22.65,Mystery
The Dirty Little Secrets of Getting Your Dream Job,4,33.34,Mystery
"The Coming Woman: A Novel Based on the Life of the Infamous Feminist, Victoria Woodhull",3,17.93,Mystery
The Boys in the Boat: Nine Americans and Their Epic Quest for Gold at the 1936 Berlin Olympics,4,22.6,Mystery
The Black Maria,1,52.15,Mystery
"Starving Hearts (Triangular Trade Trilogy, #1)",2,13.99,Mystery
Shakespeare's Sonnets,4,20.66,Mystery
Set Me Free,5,17.46,Mystery
Scott Pilgrim's Precious Little Life (Scott Pilgrim #1),5,52.29,Mystery
Rip it Up and Start Again,5,35.02,Mystery
"Our Band Could Be Your Life: Scenes from the American Indie Underground, 1981-1991",3,57.25,Mystery
Olio,1,23.88,Mystery
Mesaerion: The Best Science Fiction Stories 1800-1849,1,37.59,Mystery
Libertarianism for Beginners,2,51.33,Mystery
It's Only the Himalayas,2,45.17,Mystery
A Light in the Attic,3,51.77,Historical Fiction
Tipping the Velvet,1,53.74,Historical Fiction
Soumission,1,50.1,Historical Fiction
Sharp Objects,4,47.82,Historical Fiction
Sapiens: A Brief History of Humankind,5,54.23,Historical Fiction
The Requiem Red,1,22.65,Historical Fiction
The Dirty Little Secrets of Getting Your Dream Job,4,33.34,Historical Fiction
"The Coming Woman: A Novel Based on the Life of the Infamous Feminist, Victoria Woodhull",3,17.93,Historical Fiction
The Boys in the Boat: Nine Americans and Their Epic Quest for Gold at the 1936 Berlin Olympics,4,22.6,Historical Fiction
The Black Maria,1,52.15,Historical Fiction
"Starving Hearts (Triangular Trade Trilogy, #1)",2,13.99,Historical Fiction
Shakespeare's Sonnets,4,20.66,Historical Fiction
Set Me Free,5,17.46,Historical Fiction
Scott Pilgrim's Precious Little Life (Scott Pilgrim #1),5,52.29,Historical Fiction
Rip it Up and Start Again,5,35.02,Historical Fiction
"Our Band Could Be Your Life: Scenes from the American Indie Underground, 1981-1991",3,57.25,Historical Fiction
Olio,1,23.88,Historical Fiction
Mesaerion: The Best Science Fiction Stories 1800-1849,1,37.59,Historical Fiction
Libertarianism for Beginners,2,51.33,Historical Fiction
It's Only the Himalayas,2,45.17,Historical Fiction
A Light in the Attic,3,51.77,Historical Fiction
Tipping the Velvet,1,53.74,Historical Fiction
Soumission,1,50.1,Historical Fiction
Sharp Objects,4,47.82,Historical Fiction
Sapiens: A Brief History of Humankind,5,54.23,Historical Fiction
The Requiem Red,1,22.65,Historical Fiction
The Dirty Little Secrets of Getting Your Dream Job,4,33.34,Historical Fiction
"The Coming Woman: A Novel Based on the Life of the Infamous Feminist, Victoria Woodhull",3,17.93,Historical Fiction
The Boys in the Boat: Nine Americans and Their Epic Quest for Gold at the 1936 Berlin Olympics,4,22.6,Historical Fiction
The Black Maria,1,52.15,Historical Fiction
"Starving Hearts (Triangular Trade Trilogy, #1)",2,13.99,Historical Fiction
Shakespeare's Sonnets,4,20.66,Historical Fiction
Set Me Free,5,17.46,Historical Fiction
Scott Pilgrim's Precious Little Life (Scott Pilgrim #1),5,52.29,Historical Fiction
Rip it Up and Start Again,5,35.02,Historical Fiction
"Our Band Could Be Your Life: Scenes from the American Indie Underground, 1981-1991",3,57.25,Historical Fiction
Olio,1,23.88,Historical Fiction
Mesaerion: The Best Science Fiction Stories 1800-1849,1,37.59,Historical Fiction
Libertarianism for Beginners,2,51.33,Historical Fiction
It's Only the Himalayas,2,45.17,Historical Fiction
A Light in the Attic,3,51.77,Sequential Art
Tipping the Velvet,1,53.74,Sequential Art
Soumission,1,50.1,Sequential Art
Sharp Objects,4,47.82,Sequential Art
Sapiens: A Brief History of Humankind,5,54.23,Sequential Art
The Requiem Red,1,22.65,Sequential Art
The Dirty Little Secrets of Getting Your Dream Job,4,33.34,Sequential Art
"The Coming Woman: A Novel Based on the Life of the Infamous Feminist, Victoria Woodhull",3,17.93,Sequential Art
The Boys in the Boat: Nine Americans and Their Epic Quest for Gold at the 1936 Berlin Olympics,4,22.6,Sequential Art
The Black Maria,1,52.15,Sequential Art
"Starving Hearts (Triangular Trade Trilogy, #1)",2,13.99,Sequential Art
Shakespeare's Sonnets,4,20.66,Sequential Art
Set Me Free,5,17.46,Sequential Art
Scott Pilgrim's Precious Little Life (Scott Pilgrim #1),5,52.29,Sequential Art
Rip it Up and Start Again,5,35.02,Sequential Art
"Our Band Could Be Your Life: Scenes from the American Indie Underground, 1981-1991",3,57.25,Sequential Art
Olio,1,23.88,Sequential Art
Mesaerion: The Best Science Fiction Stories 1800-1849,1,37.59,Sequential Art
Libertarianism for Beginners,2,51.33,Sequential Art
It's Only the Himalayas,2,45.17,Sequential Art
A Light in the Attic,3,51.77,Sequential Art
Tipping the Velvet,1,53.74,Sequential Art
Soumission,1,50.1,Sequential Art
Sharp Objects,4,47.82,Sequential Art
Sapiens: A Brief History of Humankind,5,54.23,Sequential Art
The Requiem Red,1,22.65,Sequential Art
The Dirty Little Secrets of Getting Your Dream Job,4,33.34,Sequential Art
"The Coming Woman: A Novel Based on the Life of the Infamous Feminist, Victoria Woodhull",3,17.93,Sequential Art
The Boys in the Boat: Nine Americans and Their Epic Quest for Gold at the 1936 Berlin Olympics,4,22.6,Sequential Art
The Black Maria,1,52.15,Sequential Art
"Starving Hearts (Triangular Trade Trilogy, #1)",2,13.99,Sequential Art
Shakespeare's Sonnets,4,20.66,Sequential Art
Set Me Free,5,17.46,Sequential Art
Scott Pilgrim's Precious Little Life (Scott Pilgrim #1),5,52.29,Sequential Art
Rip it Up and Start Again,5,35.02,Sequential Art
"Our Band Could Be Your Life: Scenes from the American Indie Underground, 1981-1991",3,57.25,Sequential Art
Olio,1,23.88,Sequential Art
Mesaerion: The Best Science Fiction Stories 1800-1849,1,37.59,Sequential Art
Libertarianism for Beginners,2,51.33,Sequential Art
It's Only the Himalayas,2,45.17,Sequential Art
A Light in the Attic,3,51.77,Classics
Tipping the Velvet,1,53.74,Classics
Soumission,1,50.1,Classics
Sharp Objects,4,47.82,Classics
Sapiens: A Brief History of Humankind,5,54.23,Classics
The Requiem Red,1,22.65,Classics
The Dirty Little Secrets of Getting Your Dream Job,4,33.34,Classics
"The Coming Woman: A Novel Based on the Life of the Infamous Feminist, Victoria Woodhull",3,17.93,Classics
The Boys in the Boat: Nine Americans and Their Epic Quest for Gold at the 1936 Berlin Olympics,4,22.6,Classics
The Black Maria,1,52.15,Classics
"Starving Hearts (Triangular Trade Trilogy, #1)",2,13.99,Classics
Shakespeare's Sonnets,4,20.66,Classics
Set Me Free,5,17.46,Classics
Scott Pilgrim's Precious Little Life (Scott Pilgrim #1),5,52.29,Classics
Rip it Up and Start Again,5,35.02,Classics
"Our Band Could Be Your Life: Scenes from the American Indie Underground, 1981-1991",3,57.25,Classics
Olio,1,23.88,Classics
Mesaerion: The Best Science Fiction Stories 1800-1849,1,37.59,Classics
Libertarianism for Beginners,2,51.33,Classics
It's Only the Himalayas,2,45.17,Classics
A Light in the Attic,3,51.77,Philosophy
Tipping the Velvet,1,53.74,Philosophy
Soumission,1,50.1,Philosophy
Sharp Objects,4,47.82,Philosophy
Sapiens: A Brief History of Humankind,5,54.23,Philosophy
The Requiem Red,1,22.65,Philosophy
The Dirty Little Secrets of Getting Your Dream Job,4,33.34,Philosophy
"The Coming Woman: A Novel Based on the Life of the Infamous Feminist, Victoria Woodhull",3,17.93,Philosophy
The Boys in the Boat: Nine Americans and Their Epic Quest for Gold at the 1936 Berlin Olympics,4,22.6,Philosophy
The Black Maria,1,52.15,Philosophy
"Starving Hearts (Triangular Trade Trilogy, #1)",2,13.99,Philosophy
Shakespeare's Sonnets,4,20.66,Philosophy
Set Me Free,5,17.46,Philosophy
Scott Pilgrim's Precious Little Life (Scott Pilgrim #1),5,52.29,Philosophy
Rip it Up and Start Again,5,35.02,Philosophy
"Our Band Could Be Your Life: Scenes from the American Indie Underground, 1981-1991",3,57.25,Philosophy
Olio,1,23.88,Philosophy
Mesaerion: The Best Science Fiction Stories 1800-1849,1,37.59,Philosophy
Libertarianism for Beginners,2,51.33,Philosophy
It's Only the Himalayas,2,45.17,Philosophy
A Light in the Attic,3,51.77,Romance
Tipping the Velvet,1,53.74,Romance
Soumission,1,50.1,Romance
Sharp Objects,4,47.82,Romance
Sapiens: A Brief History of Humankind,5,54.23,Romance
The Requiem Red,1,22.65,Romance
The Dirty Little Secrets of Getting Your Dream Job,4,33.34,Romance
"The Coming Woman: A Novel Based on the Life of the Infamous Feminist, Victoria Woodhull",3,17.93,Romance
The Boys in the Boat: Nine Americans and Their Epic Quest for Gold at the 1936 Berlin Olympics,4,22.6,Romance
The Black Maria,1,52.15,Romance
"Starving Hearts (Triangular Trade Trilogy, #1)",2,13.99,Romance
Shakespeare's Sonnets,4,20.66,Romance
Set Me Free,5,17.46,Romance
Scott Pilgrim's Precious Little Life (Scott Pilgrim #1),5,52.29,Romance
Rip it Up and Start Again,5,35.02,Romance
"Our Band Could Be Your Life: Scenes from the American Indie Underground, 1981-1991",3,57.25,Romance
Olio,1,23.88,Romance
Mesaerion: The Best Science Fiction Stories 1800-1849,1,37.59,Romance
Libertarianism for Beginners,2,51.33,Romance
It's Only the Himalayas,2,45.17,Romance
A Light in the Attic,3,51.77,Romance
Tipping the Velvet,1,53.74,Romance
Soumission,1,50.1,Romance
Sharp Objects,4,47.82,Romance
Sapiens: A Brief History of Humankind,5,54.23,Romance
The Requiem Red,1,22.65,Romance
The Dirty Little Secrets of Getting Your Dream Job,4,33.34,Romance
"The Coming Woman: A Novel Based on the Life of the Infamous Feminist, Victoria Woodhull",3,17.93,Romance
The Boys in the Boat: Nine Americans and Their Epic Quest for Gold at the 1936 Berlin Olympics,4,22.6,Romance
The Black Maria,1,52.15,Romance
"Starving Hearts (Triangular Trade Trilogy, #1)",2,13.99,Romance
Shakespeare's Sonnets,4,20.66,Romance
Set Me Free,5,17.46,Romance
Scott Pilgrim's Precious Little Life (Scott Pilgrim #1),5,52.29,Romance
Rip it Up and Start Again,5,35.02,Romance
"Our Band Could Be Your Life: Scenes from the American Indie Underground, 1981-1991",3,57.25,Romance
Olio,1,23.88,Romance
Mesaerion: The Best Science Fiction Stories 1800-1849,1,37.59,Romance
Libertarianism for Beginners,2,51.33,Romance
It's Only the Himalayas,2,45.17,Romance
A Light in the Attic,3,51.77,Womens Fiction
Tipping the Velvet,1,53.74,Womens Fiction
Soumission,1,50.1,Womens Fiction
Sharp Objects,4,47.82,Womens Fiction
Sapiens: A Brief History of Humankind,5,54.23,Womens Fiction
The Requiem Red,1,22.65,Womens Fiction
The Dirty Little Secrets of Getting Your Dream Job,4,33.34,Womens Fiction
"The Coming Woman: A Novel Based on the Life of the Infamous Feminist, Victoria Woodhull",3,17.93,Womens Fiction
The Boys in the Boat: Nine Americans and Their Epic Quest for Gold at the 1936 Berlin Olympics,4,22.6,Womens Fiction
The Black Maria,1,52.15,Womens Fiction
"Starving Hearts (Triangular Trade Trilogy, #1)",2,13.99,Womens Fiction
Shakespeare's Sonnets,4,20.66,Womens Fiction
Set Me Free,5,17.46,Womens Fiction
Scott Pilgrim's Precious Little Life (Scott Pilgrim #1),5,52.29,Womens Fiction
Rip it Up and Start Again,5,35.02,Womens Fiction
"Our Band Could Be Your Life: Scenes from the American Indie Underground, 1981-1991",3,57.25,Womens Fiction
Olio,1,23.88,Womens Fiction
Mesaerion: The Best Science Fiction Stories 1800-1849,1,37.59,Womens Fiction
Libertarianism for Beginners,2,51.33,Womens Fiction
It's Only the Himalayas,2,45.17,Womens Fiction
A Light in the Attic,3,51.77,Fiction
Tipping the Velvet,1,53.74,Fiction
Soumission,1,50.1,Fiction
Sharp Objects,4,47.82,Fiction
Sapiens: A Brief History of Humankind,5,54.23,Fiction
The Requiem Red,1,22.65,Fiction
The Dirty Little Secrets of Getting Your Dream Job,4,33.34,Fiction
"The Coming Woman: A Novel Based on the Life of the Infamous Feminist, Victoria Woodhull",3,17.93,Fiction
The Boys in the Boat: Nine Americans and Their Epic Quest for Gold at the 1936 Berlin Olympics,4,22.6,Fiction
The Black Maria,1,52.15,Fiction
"Starving Hearts (Triangular Trade Trilogy, #1)",2,13.99,Fiction
Shakespeare's Sonnets,4,20.66,Fiction
Set Me Free,5,17.46,Fiction
Scott Pilgrim's Precious Little Life (Scott Pilgrim #1),5,52.29,Fiction
Rip it Up and Start Again,5,35.02,Fiction
"Our Band Could Be Your Life: Scenes from the American Indie Underground, 1981-1991",3,57.25,Fiction
Olio,1,23.88,Fiction
Mesaerion: The Best Science Fiction Stories 1800-1849,1,37.59,Fiction
Libertarianism for Beginners,2,51.33,Fiction
It's Only the Himalayas,2,45.17,Fiction
A Light in the Attic,3,51.77,Fiction
Tipping the Velvet,1,53.74,Fiction
Soumission,1,50.1,Fiction
Sharp Objects,4,47.82,Fiction
Sapiens: A Brief History of Humankind,5,54.23,Fiction
The Requiem Red,1,22.65,Fiction
The Dirty Little Secrets of Getting Your Dream Job,4,33.34,Fiction
"The Coming Woman: A Novel Based on the Life of the Infamous Feminist, Victoria Woodhull",3,17.93,Fiction
The Boys in the Boat: Nine Americans and Their Epic Quest for Gold at the 1936 Berlin Olympics,4,22.6,Fiction
The Black Maria,1,52.15,Fiction
"Starving Hearts (Triangular Trade Trilogy, #1)",2,13.99,Fiction
Shakespeare's Sonnets,4,20.66,Fiction
Set Me Free,5,17.46,Fiction
Scott Pilgrim's Precious Little Life (Scott Pilgrim #1),5,52.29,Fiction
Rip it Up and Start Again,5,35.02,Fiction
"Our Band Could Be Your Life: Scenes from the American Indie Underground, 1981-1991",3,57.25,Fiction
Olio,1,23.88,Fiction
Mesaerion: The Best Science Fiction Stories 1800-1849,1,37.59,Fiction
Libertarianism for Beginners,2,51.33,Fiction
It's Only the Himalayas,2,45.17,Fiction
A Light in the Attic,3,51.77,Childrens
Tipping the Velvet,1,53.74,Childrens
Soumission,1,50.1,Childrens
Sharp Objects,4,47.82,Childrens
Sapiens: A Brief History of Humankind,5,54.23,Childrens
The Requiem Red,1,22.65,Childrens
The Dirty Little Secrets of Getting Your Dream Job,4,33.34,Childrens
"The Coming Woman: A Novel Based on the Life of the Infamous Feminist, Victoria Woodhull",3,17.93,Childrens
The Boys in the Boat: Nine Americans and Their Epic Quest for Gold at the 1936 Berlin Olympics,4,22.6,Childrens
The Black Maria,1,52.15,Childrens
"Starving Hearts (Triangular Trade Trilogy, #1)",2,13.99,Childrens
Shakespeare's Sonnets,4,20.66,Childrens
Set Me Free,5,17.46,Childrens
Scott Pilgrim's Precious Little Life (Scott Pilgrim #1),5,52.29,Childrens
Rip it Up and Start Again,5,35.02,Childrens
"Our Band Could Be Your Life: Scenes from the American Indie Underground, 1981-1991",3,57.25,Childrens
Olio,1,23.88,Childrens
Mesaerion: The Best Science Fiction Stories 1800-1849,1,37.59,Childrens
Libertarianism for Beginners,2,51.33,Childrens
It's Only the Himalayas,2,45.17,Childrens
A Light in the Attic,3,51.77,Childrens
Tipping the Velvet,1,53.74,Childrens
Soumission,1,50.1,Childrens
Sharp Objects,4,47.82,Childrens
Sapiens: A Brief History of Humankind,5,54.23,Childrens
The Requiem Red,1,22.65,Childrens
The Dirty Little Secrets of Getting Your Dream Job,4,33.34,Childrens
"The Coming Woman: A Novel Based on the Life of the Infamous Feminist, Victoria Woodhull",3,17.93,Childrens
The Boys in the Boat: Nine Americans and Their Epic Quest for Gold at the 1936 Berlin Olympics,4,22.6,Childrens
The Black Maria,1,52.15,Childrens
"Starving Hearts (Triangular Trade Trilogy, #1)",2,13.99,Childrens
Shakespeare's Sonnets,4,20.66,Childrens
Set Me Free,5,17.46,Childrens
Scott Pilgrim's Precious Little Life (Scott Pilgrim #1),5,52.29,Childrens
Rip it Up and Start Again,5,35.02,Childrens
"Our Band Could Be Your Life: Scenes from the American Indie Underground, 1981-1991",3,57.25,Childrens
Olio,1,23.88,Childrens
Mesaerion: The Best Science Fiction Stories 1800-1849,1,37.59,Childrens
Libertarianism for Beginners,2,51.33,Childrens
It's Only the Himalayas,2,45.17,Childrens
A Light in the Attic,3,51.77,Religion
Tipping the Velvet,1,53.74,Religion
Soumission,1,50.1,Religion
Sharp Objects,4,47.82,Religion
Sapiens: A Brief History of Humankind,5,54.23,Religion
The Requiem Red,1,22.65,Religion
The Dirty Little Secrets of Getting Your Dream Job,4,33.34,Religion
"The Coming Woman: A Novel Based on the Life of the Infamous Feminist, Victoria Woodhull",3,17.93,Religion
The Boys in the Boat: Nine Americans and Their Epic Quest for Gold at the 1936 Berlin Olympics,4,22.6,Religion
The Black Maria,1,52.15,Religion
"Starving Hearts (Triangular Trade Trilogy, #1)",2,13.99,Religion
Shakespeare's Sonnets,4,20.66,Religion
Set Me Free,5,17.46,Religion
Scott Pilgrim's Precious Little Life (Scott Pilgrim #1),5,52.29,Religion
Rip it Up and Start Again,5,35.02,Religion
"Our Band Could Be Your Life: Scenes from the American Indie Underground, 1981-1991",3,57.25,Religion
Olio,1,23.88,Religion
Mesaerion: The Best Science Fiction Stories 1800-1849,1,37.59,Religion
Libertarianism for Beginners,2,51.33,Religion
It's Only the Himalayas,2,45.17,Religion
A Light in the Attic,3,51.77,Nonfiction
Tipping the Velvet,1,53.74,Nonfiction
Soumission,1,50.1,Nonfiction
Sharp Objects,4,47.82,Nonfiction
Sapiens: A Brief History of Humankind,5,54.23,Nonfiction
The Requiem Red,1,22.65,Nonfiction
The Dirty Little Secrets of Getting Your Dream Job,4,33.34,Nonfiction
"The Coming Woman: A Novel Based on the Life of the Infamous Feminist, Victoria Woodhull",3,17.93,Nonfiction
The Boys in the Boat: Nine Americans and Their Epic Quest for Gold at the 1936 Berlin Olympics,4,22.6,Nonfiction
The Black Maria,1,52.15,Nonfiction
"Starving Hearts (Triangular Trade Trilogy, #1)",2,13.99,Nonfiction
Shakespeare's Sonnets,4,20.66,Nonfiction
Set Me Free,5,17.46,Nonfiction
Scott Pilgrim's Precious Little Life (Scott Pilgrim #1),5,52.29,Nonfiction
Rip it Up and Start Again,5,35.02,Nonfiction
"Our Band Could Be Your Life: Scenes from the American Indie Underground, 1981-1991",3,57.25,Nonfiction
Olio,1,23.88,Nonfiction
Mesaerion: The Best Science Fiction Stories 1800-1849,1,37.59,Nonfiction
Libertarianism for Beginners,2,51.33,Nonfiction
It's Only the Himalayas,2,45.17,Nonfiction
A Light in the Attic,3,51.77,Nonfiction
Tipping the Velvet,1,53.74,Nonfiction
Soumission,1,50.1,Nonfiction
Sharp Objects,4,47.82,Nonfiction
Sapiens: A Brief History of Humankind,5,54.23,Nonfiction
The Requiem Red,1,22.65,Nonfiction
The Dirty Little Secrets of Getting Your Dream Job,4,33.34,Nonfiction
"The Coming Woman: A Novel Based on the Life of the Infamous Feminist, Victoria Woodhull",3,17.93,Nonfiction
The Boys in the Boat: Nine Americans and Their Epic Quest for Gold at the 1936 Berlin Olympics,4,22.6,Nonfiction
The Black Maria,1,52.15,Nonfiction
"Starving Hearts (Triangular Trade Trilogy, #1)",2,13.99,Nonfiction
Shakespeare's Sonnets,4,20.66,Nonfiction
Set Me Free,5,17.46,Nonfiction
Scott Pilgrim's Precious Little Life (Scott Pilgrim #1),5,52.29,Nonfiction
Rip it Up and Start Again,5,35.02,Nonfiction
"Our Band Could Be Your Life: Scenes from the American Indie Underground, 1981-1991",3,57.25,Nonfiction
Olio,1,23.88,Nonfiction
Mesaerion: The Best Science Fiction Stories 1800-1849,1,37.59,Nonfiction
Libertarianism for Beginners,2,51.33,Nonfiction
It's Only the Himalayas,2,45.17,Nonfiction
A Light in the Attic,3,51.77,Music
Tipping the Velvet,1,53.74,Music
Soumission,1,50.1,Music
Sharp Objects,4,47.82,Music
Sapiens: A Brief History of Humankind,5,54.23,Music
The Requiem Red,1,22.65,Music
The Dirty Little Secrets of Getting Your Dream Job,4,33.34,Music
"The Coming Woman: A Novel Based on the Life of the Infamous Feminist, Victoria Woodhull",3,17.93,Music
The Boys in the Boat: Nine Americans and Their Epic Quest for Gold at the 1936 Berlin Olympics,4,22.6,Music
The Black Maria,1,52.15,Music
"Starving Hearts (Triangular Trade Trilogy, #1)",2,13.99,Music
Shakespeare's Sonnets,4,20.66,Music
Set Me Free,5,17.46,Music
Scott Pilgrim's Precious Little Life (Scott Pilgrim #1),5,52.29,Music
Rip it Up and Start Again,5,35.02,Music
"Our Band Could Be Your Life: Scenes from the American Indie Underground, 1981-1991",3,57.25,Music
Olio,1,23.88,Music
Mesaerion: The Best Science Fiction Stories 1800-1849,1,37.59,Music
Libertarianism for Beginners,2,51.33,Music
It's Only the Himalayas,2,45.17,Music
A Light in the Attic,3,51.77,Default
Tipping the Velvet,1,53.74,Default
Soumission,1,50.1,Default
Sharp Objects,4,47.82,Default
Sapiens: A Brief History of Humankind,5,54.23,Default
The Requiem Red,1,22.65,Default
The Dirty Little Secrets of Getting Your Dream Job,4,33.34,Default
"The Coming Woman: A Novel Based on the Life of the Infamous Feminist, Victoria Woodhull",3,17.93,Default
The Boys in the Boat: Nine Americans and Their Epic Quest for Gold at the 1936 Berlin Olympics,4,22.6,Default
The Black Maria,1,52.15,Default
"Starving Hearts (Triangular Trade Trilogy, #1)",2,13.99,Default
Shakespeare's Sonnets,4,20.66,Default
Set Me Free,5,17.46,Default
Scott Pilgrim's Precious Little Life (Scott Pilgrim #1),5,52.29,Default
Rip it Up and Start Again,5,35.02,Default
"Our Band Could Be Your Life: Scenes from the American Indie Underground, 1981-1991",3,57.25,Default
Olio,1,23.88,Default
Mesaerion: The Best Science Fiction Stories 1800-1849,1,37.59,Default
Libertarianism for Beginners,2,51.33,Default
It's Only the Himalayas,2,45.17,Default
A Light in the Attic,3,51.77,Default
Tipping the Velvet,1,53.74,Default
Soumission,1,50.1,Default
Sharp Objects,4,47.82,Default
Sapiens: A Brief History of Humankind,5,54.23,Default
The Requiem Red,1,22.65,Default
The Dirty Little Secrets of Getting Your Dream Job,4,33.34,Default
"The Coming Woman: A Novel Based on the Life of the Infamous Feminist, Victoria Woodhull",3,17.93,Default
The Boys in the Boat: Nine Americans and Their Epic Quest for Gold at the 1936 Berlin Olympics,4,22.6,Default
The Black Maria,1,52.15,Default
"Starving Hearts (Triangular Trade Trilogy, #1)",2,13.99,Default
Shakespeare's Sonnets,4,20.66,Default
Set Me Free,5,17.46,Default
Scott Pilgrim's Precious Little Life (Scott Pilgrim #1),5,52.29,Default
Rip it Up and Start Again,5,35.02,Default
"Our Band Could Be Your Life: Scenes from the American Indie Underground, 1981-1991",3,57.25,Default
Olio,1,23.88,Default
Mesaerion: The Best Science Fiction Stories 1800-1849,1,37.59,Default
Libertarianism for Beginners,2,51.33,Default
It's Only the Himalayas,2,45.17,Default
A Light in the Attic,3,51.77,Science Fiction
Tipping the Velvet,1,53.74,Science Fiction
Soumission,1,50.1,Science Fiction
Sharp Objects,4,47.82,Science Fiction
Sapiens: A Brief History of Humankind,5,54.23,Science Fiction
The Requiem Red,1,22.65,Science Fiction
The Dirty Little Secrets of Getting Your Dream Job,4,33.34,Science Fiction
"The Coming Woman: A Novel Based on the Life of the Infamous Feminist, Victoria Woodhull",3,17.93,Science Fiction
The Boys in the Boat: Nine Americans and Their Epic Quest for Gold at the 1936 Berlin Olympics,4,22.6,Science Fiction
The Black Maria,1,52.15,Science Fiction
"Starving Hearts (Triangular Trade Trilogy, #1)",2,13.99,Science Fiction
Shakespeare's Sonnets,4,20.66,Science Fiction
Set Me Free,5,17.46,Science Fiction
Scott Pilgrim's Precious Little Life (Scott Pilgrim #1),5,52.29,Science Fiction
Rip it Up and Start Again,5,35.02,Science Fiction
"Our Band Could Be Your Life: Scenes from the American Indie Underground, 1981-1991",3,57.25,Science Fiction
Olio,1,23.88,Science Fiction
Mesaerion: The Best Science Fiction Stories 1800-1849,1,37.59,Science Fiction
Libertarianism for Beginners,2,51.33,Science Fiction
It's Only the Himalayas,2,45.17,Science Fiction
A Light in the Attic,3,51.77,Sports and Games
Tipping the Velvet,1,53.74,Sports and Games
Soumission,1,50.1,Sports and Games
Sharp Objects,4,47.82,Sports and Games
Sapiens: A Brief History of Humankind,5,54.23,Sports and Games
The Requiem Red,1,22.65,Sports and Games
The Dirty Little Secrets of Getting Your Dream Job,4,33.34,Sports and Games
"The Coming Woman: A Novel Based on the Life of the Infamous Feminist, Victoria Woodhull",3,17.93,Sports and Games
The Boys in the Boat: Nine Americans and Their Epic Quest for Gold at the 1936 Berlin Olympics,4,22.6,Sports and Games
The Black Maria,1,52.15,Sports and Games
"Starving Hearts (Triangular Trade Trilogy, #1)",2,13.99,Sports and Games
Shakespeare's Sonnets,4,20.66,Sports and Games
Set Me Free,5,17.46,Sports and Games
Scott Pilgrim's Precious Little Life (Scott Pilgrim #1),5,52.29,Sports and Games
Rip it Up and Start Again,5,35.02,Sports and Games
"Our Band Could Be Your Life: Scenes from the American Indie Underground, 1981-1991",3,57.25,Sports and Games
Olio,1,23.88,Sports and Games
Mesaerion: The Best Science Fiction Stories 1800-1849,1,37.59,Sports and Games
Libertarianism for Beginners,2,51.33,Sports and Games
It's Only the Himalayas,2,45.17,Sports and Games
A Light in the Attic,3,51.77,Add a comment
Tipping the Velvet,1,53.74,Add a comment
Soumission,1,50.1,Add a comment
Sharp Objects,4,47.82,Add a comment
Sapiens: A Brief History of Humankind,5,54.23,Add a comment
The Requiem Red,1,22.65,Add a comment
The Dirty Little Secrets of Getting Your Dream Job,4,33.34,Add a comment
"The Coming Woman: A Novel Based on the Life of the Infamous Feminist, Victoria Woodhull",3,17.93,Add a comment
The Boys in the Boat: Nine Americans and Their Epic Quest for Gold at the 1936 Berlin Olympics,4,22.6,Add a comment
The Black Maria,1,52.15,Add a comment
"Starving Hearts (Triangular Trade Trilogy, #1)",2,13.99,Add a comment
Shakespeare's Sonnets,4,20.66,Add a comment
Set Me Free,5,17.46,Add a comment
Scott Pilgrim's Precious Little Life (Scott Pilgrim #1),5,52.29,Add a comment
Rip it Up and Start Again,5,35.02,Add a comment
"Our Band Could Be Your Life: Scenes from the American Indie Underground, 1981-1991",3,57.25,Add a comment
Olio,1,23.88,Add a comment
Mesaerion: The Best Science Fiction Stories 1800-1849,1,37.59,Add a comment
Libertarianism for Beginners,2,51.33,Add a comment
It's Only the Himalayas,2,45.17,Add a comment
A Light in the Attic,3,51.77,Add a comment
Tipping the Velvet,1,53.74,Add a comment
Soumission,1,50.1,Add a comment
Sharp Objects,4,47.82,Add a comment
Sapiens: A Brief History of Humankind,5,54.23,Add a comment
The Requiem Red,1,22.65,Add a comment
The Dirty Little Secrets of Getting Your Dream Job,4,33.34,Add a comment
"The Coming Woman: A Novel Based on the Life of the Infamous Feminist, Victoria Woodhull",3,17.93,Add a comment
The Boys in the Boat: Nine Americans and Their Epic Quest for Gold at the 1936 Berlin Olympics,4,22.6,Add a comment
The Black Maria,1,52.15,Add a comment
"Starving Hearts (Triangular Trade Trilogy, #1)",2,13.99,Add a comment
Shakespeare's Sonnets,4,20.66,Add a comment
Set Me Free,5,17.46,Add a comment
Scott Pilgrim's Precious Little Life (Scott Pilgrim #1),5,52.29,Add a comment
Rip it Up and Start Again,5,35.02,Add a comment
"Our Band Could Be Your Life: Scenes from the American Indie Underground, 1981-1991",3,57.25,Add a comment
Olio,1,23.88,Add a comment
Mesaerion: The Best Science Fiction Stories 1800-1849,1,37.59,Add a comment
Libertarianism for Beginners,2,51.33,Add a comment
It's Only the Himalayas,2,45.17,Add a comment
A Light in the Attic,3,51.77,Fantasy
Tipping the Velvet,1,53.74,Fantasy
Soumission,1,50.1,Fantasy
Sharp Objects,4,47.82,Fantasy
Sapiens: A Brief History of Humankind,5,54.23,Fantasy
The Requiem Red,1,22.65,Fantasy
The Dirty Little Secrets of Getting Your Dream Job,4,33.34,Fantasy
"The Coming Woman: A Novel Based on the Life of the Infamous Feminist, Victoria Woodhull",3,17.93,Fantasy
The Boys in the Boat: Nine Americans and Their Epic Quest for Gold at the 1936 Berlin Olympics,4,22.6,Fantasy
The Black Maria,1,52.15,Fantasy
"Starving Hearts (Triangular Trade Trilogy, #1)",2,13.99,Fantasy
Shakespeare's Sonnets,4,20.66,Fantasy
Set Me Free,5,17.46,Fantasy
Scott Pilgrim's Precious Little Life (Scott Pilgrim #1),5,52.29,Fantasy
Rip it Up and Start Again,5,35.02,Fantasy
"Our Band Could Be Your Life: Scenes from the American Indie Underground, 1981-1991",3,57.25,Fantasy
Olio,1,23.88,Fantasy
Mesaerion: The Best Science Fiction Stories 1800-1849,1,37.59,Fantasy
Libertarianism for Beginners,2,51.33,Fantasy
It's Only the Himalayas,2,45.17,Fantasy
A Light in the Attic,3,51.77,Fantasy
Tipping the Velvet,1,53.74,Fantasy
Soumission,1,50.1,Fantasy
Sharp Objects,4,47.82,Fantasy
Sapiens: A Brief History of Humankind,5,54.23,Fantasy
The Requiem Red,1,22.65,Fantasy
The Dirty Little Secrets of Getting Your Dream Job,4,33.34,Fantasy
"The Coming Woman: A Novel Based on the Life of the Infamous Feminist, Victoria Woodhull",3,17.93,Fantasy
The Boys in the Boat: Nine Americans and Their Epic Quest for Gold at the 1936 Berlin Olympics,4,22.6,Fantasy
The Black Maria,1,52.15,Fantasy
"Starving Hearts (Triangular Trade Trilogy, #1)",2,13.99,Fantasy
Shakespeare's Sonnets,4,20.66,Fantasy
Set Me Free,5,17.46,Fantasy
Scott Pilgrim's Precious Little Life (Scott Pilgrim #1),5,52.29,Fantasy
Rip it Up and Start Again,5,35.02,Fantasy
"Our Band Could Be Your Life: Scenes from the American Indie Underground, 1981-1991",3,57.25,Fantasy
Olio,1,23.88,Fantasy
Mesaerion: The Best Science Fiction Stories 1800-1849,1,37.59,Fantasy
Libertarianism for Beginners,2,51.33,Fantasy
It's Only the Himalayas,2,45.17,Fantasy
A Light in the Attic,3,51.77,New Adult
Tipping the Velvet,1,53.74,New Adult
Soumission,1,50.1,New Adult
Sharp Objects,4,47.82,New Adult
Sapiens: A Brief History of Humankind,5,54.23,New Adult
The Requiem Red,1,22.65,New Adult
The Dirty Little Secrets of Getting Your Dream Job,4,33.34,New Adult
"The Coming Woman: A Novel Based on the Life of the Infamous Feminist, Victoria Woodhull",3,17.93,New Adult
The Boys in the Boat: Nine Americans and Their Epic Quest for Gold at the 1936 Berlin Olympics,4,22.6,New Adult
The Black Maria,1,52.15,New Adult
"Starving Hearts (Triangular Trade Trilogy, #1)",2,13.99,New Adult
Shakespeare's Sonnets,4,20.66,New Adult
Set Me Free,5,17.46,New Adult
Scott Pilgrim's Precious Little Life (Scott Pilgrim #1),5,52.29,New Adult
Rip it Up and Start Again,5,35.02,New Adult
"Our Band Could Be Your Life: Scenes from the American Indie Underground, 1981-1991",3,57.25,New Adult
Olio,1,23.88,New Adult
Mesaerion: The Best Science Fiction Stories 1800-1849,1,37.59,New Adult
Libertarianism for Beginners,2,51.33,New Adult
It's Only the Himalayas,2,45.17,New Adult
A Light in the Attic,3,51.77,Young Adult
Tipping the Velvet,1,53.74,Young Adult
Soumission,1,50.1,Young Adult
Sharp Objects,4,47.82,Young Adult
Sapiens: A Brief History of Humankind,5,54.23,Young Adult
The Requiem Red,1,22.65,Young Adult
The Dirty Little Secrets of Getting Your Dream Job,4,33.34,Young Adult
"The Coming Woman: A Novel Based on the Life of the Infamous Feminist, Victoria Woodhull",3,17.93,Young Adult
The Boys in the Boat: Nine Americans and Their Epic Quest for Gold at the 1936 Berlin Olympics,4,22.6,Young Adult
The Black Maria,1,52.15,Young Adult
"Starving Hearts (Triangular Trade Trilogy, #1)",2,13.99,Young Adult
Shakespeare's Sonnets,4,20.66,Young Adult
Set Me Free,5,17.46,Young Adult
Scott Pilgrim's Precious Little Life (Scott Pilgrim #1),5,52.29,Young Adult
Rip it Up and Start Again,5,35.02,Young Adult
"Our Band Could Be Your Life: Scenes from the American Indie Underground, 1981-1991",3,57.25,Young Adult
Olio,1,23.88,Young Adult
Mesaerion: The Best Science Fiction Stories 1800-1849,1,37.59,Young Adult
Libertarianism for Beginners,2,51.33,Young Adult
It's Only the Himalayas,2,45.17,Young Adult
A Light in the Attic,3,51.77,Young Adult
Tipping the Velvet,1,53.74,Young Adult
Soumission,1,50.1,Young Adult
Sharp Objects,4,47.82,Young Adult
Sapiens: A Brief History of Humankind,5,54.23,Young Adult
The Requiem Red,1,22.65,Young Adult
The Dirty Little Secrets of Getting Your Dream Job,4,33.34,Young Adult
"The Coming Woman: A Novel Based on the Life of the Infamous Feminist, Victoria Woodhull",3,17.93,Young Adult
The Boys in the Boat: Nine Americans and Their Epic Quest for Gold at the 1936 Berlin Olympics,4,22.6,Young Adult
The Black Maria,1,52.15,Young Adult
"Starving Hearts (Triangular Trade Trilogy, #1)",2,13.99,Young Adult
Shakespeare's Sonnets,4,20.66,Young Adult
Set Me Free,5,17.46,Young Adult
Scott Pilgrim's Precious Little Life (Scott Pilgrim #1),5,52.29,Young Adult
Rip it Up and Start Again,5,35.02,Young Adult
"Our Band Could Be Your Life: Scenes from the American Indie Underground, 1981-1991",3,57.25,Young Adult
Olio,1,23.88,Young Adult
Mesaerion: The Best Science Fiction Stories 1800-1849,1,37.59,Young Adult
Libertarianism for Beginners,2,51.33,Young Adult
It's Only the Himalayas,2,45.17,Young Adult
A Light in the Attic,3,51.77,Science
Tipping the Velvet,1,53.74,Science
Soumission,1,50.1,Science
Sharp Objects,4,47.82,Science
Sapiens: A Brief History of Humankind,5,54.23,Science
The Requiem Red,1,22.65,Science
The Dirty Little Secrets of Getting Your Dream Job,4,33.34,Science
"The Coming Woman: A Novel Based on the Life of the Infamous Feminist, Victoria Woodhull",3,17.93,Science
The Boys in the Boat: Nine Americans and Their Epic Quest for Gold at the 1936 Berlin Olympics,4,22.6,Science
The Black Maria,1,52.15,Science
"Starving Hearts (Triangular Trade Trilogy, #1)",2,13.99,Science
Shakespeare's Sonnets,4,20.66,Science
Set Me Free,5,17.46,Science
Scott Pilgrim's Precious Little Life (Scott Pilgrim #1),5,52.29,Science
Rip it Up and Start Again,5,35.02,Science
"Our Band Could Be Your Life: Scenes from the American Indie Underground, 1981-1991",3,57.25,Science
Olio,1,23.88,Science
Mesaerion: The Best Science Fiction Stories 1800-1849,1,37.59,Science
Libertarianism for Beginners,2,51.33,Science
It's Only the Himalayas,2,45.17,Science
A Light in the Attic,3,51.77,Poetry
Tipping the Velvet,1,53.74,Poetry
Soumission,1,50.1,Poetry
Sharp Objects,4,47.82,Poetry
Sapiens: A Brief History of Humankind,5,54.23,Poetry
The Requiem Red,1,22.65,Poetry
The Dirty Little Secrets of Getting Your Dream Job,4,33.34,Poetry
"The Coming Woman: A Novel Based on the Life of the Infamous Feminist, Victoria Woodhull",3,17.93,Poetry
The Boys in the Boat: Nine Americans and Their Epic Quest for Gold at the 1936 Berlin Olympics,4,22.6,Poetry
The Black Maria,1,52.15,Poetry
"Starving Hearts (Triangular Trade Trilogy, #1)",2,13.99,Poetry
Shakespeare's Sonnets,4,20.66,Poetry
Set Me Free,5,17.46,Poetry
Scott Pilgrim's Precious Little Life (Scott Pilgrim #1),5,52.29,Poetry
Rip it Up and Start Again,5,35.02,Poetry
"Our Band Could Be Your Life: Scenes from the American Indie Underground, 1981-1991",3,57.25,Poetry
Olio,1,23.88,Poetry
Mesaerion: The Best Science Fiction Stories 1800-1849,1,37.59,Poetry
Libertarianism for Beginners,2,51.33,Poetry
It's Only the Himalayas,2,45.17,Poetry
A Light in the Attic,3,51.77,Paranormal
Tipping the Velvet,1,53.74,Paranormal
Soumission,1,50.1,Paranormal
Sharp Objects,4,47.82,Paranormal
Sapiens: A Brief History of Humankind,5,54.23,Paranormal
The Requiem Red,1,22.65,Paranormal
The Dirty Little Secrets of Getting Your Dream Job,4,33.34,Paranormal
"The Coming Woman: A Novel Based on the Life of the Infamous Feminist, Victoria Woodhull",3,17.93,Paranormal
The Boys in the Boat: Nine Americans and Their Epic Quest for Gold at the 1936 Berlin Olympics,4,22.6,Paranormal
The Black Maria,1,52.15,Paranormal
"Starving Hearts (Triangular Trade Trilogy, #1)",2,13.99,Paranormal
Shakespeare's Sonnets,4,20.66,Paranormal
Set Me Free,5,17.46,Paranormal
Scott Pilgrim's Precious Little Life (Scott Pilgrim #1),5,52.29,Paranormal
Rip it Up and Start Again,5,35.02,Paranormal
"Our Band Could Be Your Life: Scenes from the American Indie Underground, 1981-1991",3,57.25,Paranormal
Olio,1,23.88,Paranormal
Mesaerion: The Best Science Fiction Stories 1800-1849,1,37.59,Paranormal
Libertarianism for Beginners,2,51.33,Paranormal
It's Only the Himalayas,2,45.17,Paranormal
A Light in the Attic,3,51.77,Art
Tipping the Velvet,1,53.74,Art
Soumission,1,50.1,Art
Sharp Objects,4,47.82,Art
Sapiens: A Brief History of Humankind,5,54.23,Art
The Requiem Red,1,22.65,Art
The Dirty Little Secrets of Getting Your Dream Job,4,33.34,Art
"The Coming Woman: A Novel Based on the Life of the Infamous Feminist, Victoria Woodhull",3,17.93,Art
The Boys in the Boat: Nine Americans and Their Epic Quest for Gold at the 1936 Berlin Olympics,4,22.6,Art
The Black Maria,1,52.15,Art
"Starving Hearts (Triangular Trade Trilogy, #1)",2,13.99,Art
Shakespeare's Sonnets,4,20.66,Art
Set Me Free,5,17.46,Art
Scott Pilgrim's Precious Little Life (Scott Pilgrim #1),5,52.29,Art
Rip it Up and Start Again,5,35.02,Art
"Our Band Could Be Your Life: Scenes from the American Indie Underground, 1981-1991",3,57.25,Art
Olio,1,23.88,Art
Mesaerion: The Best Science Fiction Stories 1800-1849,1,37.59,Art
Libertarianism for Beginners,2,51.33,Art
It's Only the Himalayas,2,45.17,Art
A Light in the Attic,3,51.77,Psychology
Tipping the Velvet,1,53.74,Psychology
Soumission,1,50.1,Psychology
Sharp Objects,4,47.82,Psychology
Sapiens: A Brief History of Humankind,5,54.23,Psychology
The Requiem Red,1,22.65,Psychology
The Dirty Little Secrets of Getting Your Dream Job,4,33.34,Psychology
"The Coming Woman: A Novel Based on the Life of the Infamous Feminist, Victoria Woodhull",3,17.93,Psychology
The Boys in the Boat: Nine Americans and Their Epic Quest for Gold at the 1936 Berlin Olympics,4,22.6,Psychology
The Black Maria,1,52.15,Psychology
"Starving Hearts (Triangular Trade Trilogy, #1)",2,13.99,Psychology
Shakespeare's Sonnets,4,20.66,Psychology
Set Me Free,5,17.46,Psychology
Scott Pilgrim's Precious Little Life (Scott Pilgrim #1),5,52.29,Psychology
Rip it Up and Start Again,5,35.02,Psychology
"Our Band Could Be Your Life: Scenes from the American Indie Underground, 1981-1991",3,57.25,Psychology
Olio,1,23.88,Psychology
Mesaerion: The Best Science Fiction Stories 1800-1849,1,37.59,Psychology
Libertarianism for Beginners,2,51.33,Psychology
It's Only the Himalayas,2,45.17,Psychology
A Light in the Attic,3,51.77,Autobiography
Tipping the Velvet,1,53.74,Autobiography
Soumission,1,50.1,Autobiography
Sharp Objects,4,47.82,Autobiography
Sapiens: A Brief History of Humankind,5,54.23,Autobiography
The Requiem Red,1,22.65,Autobiography
The Dirty Little Secrets of Getting Your Dream Job,4,33.34,Autobiography
"The Coming Woman: A Novel Based on the Life of the Infamous Feminist, Victoria Woodhull",3,17.93,Autobiography
The Boys in the Boat: Nine Americans and Their Epic Quest for Gold at the 1936 Berlin Olympics,4,22.6,Autobiography
The Black Maria,1,52.15,Autobiography
"Starving Hearts (Triangular Trade Trilogy, #1)",2,13.99,Autobiography
Shakespeare's Sonnets,4,20.66,Autobiography
Set Me Free,5,17.46,Autobiography
Scott Pilgrim's Precious Little Life (Scott Pilgrim #1),5,52.29,Autobiography
Rip it Up and Start Again,5,35.02,Autobiography
"Our Band Could Be Your Life: Scenes from the American Indie Underground, 1981-1991",3,57.25,Autobiography
Olio,1,23.88,Autobiography
Mesaerion: The Best Science Fiction Stories 1800-1849,1,37.59,Autobiography
Libertarianism for Beginners,2,51.33,Autobiography
It's Only the Himalayas,2,45.17,Autobiography
A Light in the Attic,3,51.77,Parenting
Tipping the Velvet,1,53.74,Parenting
Soumission,1,50.1,Parenting
Sharp Objects,4,47.82,Parenting
Sapiens: A Brief History of Humankind,5,54.23,Parenting
The Requiem Red,1,22.65,Parenting
The Dirty Little Secrets of Getting Your Dream Job,4,33.34,Parenting
"The Coming Woman: A Novel Based on the Life of the Infamous Feminist, Victoria Woodhull",3,17.93,Parenting
The Boys in the Boat: Nine Americans and Their Epic Quest for Gold at the 1936 Berlin Olympics,4,22.6,Parenting
The Black Maria,1,52.15,Parenting
"Starving Hearts (Triangular Trade Trilogy, #1)",2,13.99,Parenting
Shakespeare's Sonnets,4,20.66,Parenting
Set Me Free,5,17.46,Parenting
Scott Pilgrim's Precious Little Life (Scott Pilgrim #1),5,52.29,Parenting
Rip it Up and Start Again,5,35.02,Parenting
"Our Band Could Be Your Life: Scenes from the American Indie Underground, 1981-1991",3,57.25,Parenting
Olio,1,23.88,Parenting
Mesaerion: The Best Science Fiction Stories 1800-1849,1,37.59,Parenting
Libertarianism for Beginners,2,51.33,Parenting
It's Only the Himalayas,2,45.17,Parenting
A Light in the Attic,3,51.77,Adult Fiction
Tipping the Velvet,1,53.74,Adult Fiction
Soumission,1,50.1,Adult Fiction
Sharp Objects,4,47.82,Adult Fiction
Sapiens: A Brief History of Humankind,5,54.23,Adult Fiction
The Requiem Red,1,22.65,Adult Fiction
The Dirty Little Secrets of Getting Your Dream Job,4,33.34,Adult Fiction
"The Coming Woman: A Novel Based on the Life of the Infamous Feminist, Victoria Woodhull",3,17.93,Adult Fiction
The Boys in the Boat: Nine Americans and Their Epic Quest for Gold at the 1936 Berlin Olympics,4,22.6,Adult Fiction
The Black Maria,1,52.15,Adult Fiction
"Starving Hearts (Triangular Trade Trilogy, #1)",2,13.99,Adult Fiction
Shakespeare's Sonnets,4,20.66,Adult Fiction
Set Me Free,5,17.46,Adult Fiction
Scott Pilgrim's Precious Little Life (Scott Pilgrim #1),5,52.29,Adult Fiction
Rip it Up and Start Again,5,35.02,Adult Fiction
"Our Band Could Be Your Life: Scenes from the American Indie Underground, 1981-1991",3,57.25,Adult Fiction
Olio,1,23.88,Adult Fiction
Mesaerion: The Best Science Fiction Stories 1800-1849,1,37.59,Adult Fiction
Libertarianism for Beginners,2,51.33,Adult Fiction
It's Only the Himalayas,2,45.17,Adult Fiction
A Light in the Attic,3,51.77,Humor
Tipping the Velvet,1,53.74,Humor
Soumission,1,50.1,Humor
Sharp Objects,4,47.82,Humor
Sapiens: A Brief History of Humankind,5,54.23,Humor
The Requiem Red,1,22.65,Humor
The Dirty Little Secrets of Getting Your Dream Job,4,33.34,Humor
"The Coming Woman: A Novel Based on the Life of the Infamous Feminist, Victoria Woodhull",3,17.93,Humor
The Boys in the Boat: Nine Americans and Their Epic Quest for Gold at the 1936 Berlin Olympics,4,22.6,Humor
The Black Maria,1,52.15,Humor
"Starving Hearts (Triangular Trade Trilogy, #1)",2,13.99,Humor
Shakespeare's Sonnets,4,20.66,Humor
Set Me Free,5,17.46,Humor
Scott Pilgrim's Precious Little Life (Scott Pilgrim #1),5,52.29,Humor
Rip it Up and Start Again,5,35.02,Humor
"Our Band Could Be Your Life: Scenes from the American Indie Underground, 1981-1991",3,57.25,Humor
Olio,1,23.88,Humor
Mesaerion: The Best Science Fiction Stories 1800-1849,1,37.59,Humor
Libertarianism for Beginners,2,51.33,Humor
It's Only the Himalayas,2,45.17,Humor
A Light in the Attic,3,51.77,Horror
Tipping the Velvet,1,53.74,Horror
Soumission,1,50.1,Horror
Sharp Objects,4,47.82,Horror
Sapiens: A Brief History of Humankind,5,54.23,Horror
The Requiem Red,1,22.65,Horror
The Dirty Little Secrets of Getting Your Dream Job,4,33.34,Horror
"The Coming Woman: A Novel Based on the Life of the Infamous Feminist, Victoria Woodhull",3,17.93,Horror
The Boys in the Boat: Nine Americans and Their Epic Quest for Gold at the 1936 Berlin Olympics,4,22.6,Horror
The Black Maria,1,52.15,Horror
"Starving Hearts (Triangular Trade Trilogy, #1)",2,13.99,Horror
Shakespeare's Sonnets,4,20.66,Horror
Set Me Free,5,17.46,Horror
Scott Pilgrim's Precious Little Life (Scott Pilgrim #1),5,52.29,Horror
Rip it Up and Start Again,5,35.02,Horror
"Our Band Could Be Your Life: Scenes from the American Indie Underground, 1981-1991",3,57.25,Horror
Olio,1,23.88,Horror
Mesaerion: The Best Science Fiction Stories 1800-1849,1,37.59,Horror
Libertarianism for Beginners,2,51.33,Horror
It's Only the Himalayas,2,45.17,Horror
A Light in the Attic,3,51.77,History
Tipping the Velvet,1,53.74,History
Soumission,1,50.1,History
Sharp Objects,4,47.82,History
Sapiens: A Brief History of Humankind,5,54.23,History
The Requiem Red,1,22.65,History
The Dirty Little Secrets of Getting Your Dream Job,4,33.34,History
"The Coming Woman: A Novel Based on the Life of the Infamous Feminist, Victoria Woodhull",3,17.93,History
The Boys in the Boat: Nine Americans and Their Epic Quest for Gold at the 1936 Berlin Olympics,4,22.6,History
The Black Maria,1,52.15,History
"Starving Hearts (Triangular Trade Trilogy, #1)",2,13.99,History
Shakespeare's Sonnets,4,20.66,History
Set Me Free,5,17.46,History
Scott Pilgrim's Precious Little Life (Scott Pilgrim #1),5,52.29,History
Rip it Up and Start Again,5,35.02,History
"Our Band Could Be Your Life: Scenes from the American Indie Underground, 1981-1991",3,57.25,History
Olio,1,23.88,History
Mesaerion: The Best Science Fiction Stories 1800-1849,1,37.59,History
Libertarianism for Beginners,2,51.33,History
It's Only the Himalayas,2,45.17,History
A Light in the Attic,3,51.77,Food and Drink
Tipping the Velvet,1,53.74,Food and Drink
Soumission,1,50.1,Food and Drink
Sharp Objects,4,47.82,Food and Drink
Sapiens: A Brief History of Humankind,5,54.23,Food and Drink
The Requiem Red,1,22.65,Food and Drink
The Dirty Little Secrets of Getting Your Dream Job,4,33.34,Food and Drink
"The Coming Woman: A Novel Based on the Life of the Infamous Feminist, Victoria Woodhull",3,17.93,Food and Drink
The Boys in the Boat: Nine Americans and Their Epic Quest for Gold at the 1936 Berlin Olympics,4,22.6,Food and Drink
The Black Maria,1,52.15,Food and Drink
"Starving Hearts (Triangular Trade Trilogy, #1)",2,13.99,Food and Drink
Shakespeare's Sonnets,4,20.66,Food and Drink
Set Me Free,5,17.46,Food and Drink
Scott Pilgrim's Precious Little Life (Scott Pilgrim #1),5,52.29,Food and Drink
Rip it Up and Start Again,5,35.02,Food and Drink
"Our Band Could Be Your Life: Scenes from the American Indie Underground, 1981-1991",3,57.25,Food and Drink
Olio,1,23.88,Food and Drink
Mesaerion: The Best Science Fiction Stories 1800-1849,1,37.59,Food and Drink
Libertarianism for Beginners,2,51.33,Food and Drink
It's Only the Himalayas,2,45.17,Food and Drink
A Light in the Attic,3,51.77,Food and Drink
Tipping the Velvet,1,53.74,Food and Drink
Soumission,1,50.1,Food and Drink
Sharp Objects,4,47.82,Food and Drink
Sapiens: A Brief History of Humankind,5,54.23,Food and Drink
The Requiem Red,1,22.65,Food and Drink
The Dirty Little Secrets of Getting Your Dream Job,4,33.34,Food and Drink
"The Coming Woman: A Novel Based on the Life of the Infamous Feminist, Victoria Woodhull",3,17.93,Food and Drink
The Boys in the Boat: Nine Americans and Their Epic Quest for Gold at the 1936 Berlin Olympics,4,22.6,Food and Drink
The Black Maria,1,52.15,Food and Drink
"Starving Hearts (Triangular Trade Trilogy, #1)",2,13.99,Food and Drink
Shakespeare's Sonnets,4,20.66,Food and Drink
Set Me Free,5,17.46,Food and Drink
Scott Pilgrim's Precious Little Life (Scott Pilgrim #1),5,52.29,Food and Drink
Rip it Up and Start Again,5,35.02,Food and Drink
"Our Band Could Be Your Life: Scenes from the American Indie Underground, 1981-1991",3,57.25,Food and Drink
Olio,1,23.88,Food and Drink
Mesaerion: The Best Science Fiction Stories 1800-1849,1,37.59,Food and Drink
Libertarianism for Beginners,2,51.33,Food and Drink
It's Only the Himalayas,2,45.17,Food and Drink
A Light in the Attic,3,51.77,Christian Fiction
Tipping the Velvet,1,53.74,Christian Fiction
Soumission,1,50.1,Christian Fiction
Sharp Objects,4,47.82,Christian Fiction
Sapiens: A Brief History of Humankind,5,54.23,Christian Fiction
The Requiem Red,1,22.65,Christian Fiction
The Dirty Little Secrets of Getting Your Dream Job,4,33.34,Christian Fiction
"The Coming Woman: A Novel Based on the Life of the Infamous Feminist, Victoria Woodhull",3,17.93,Christian Fiction
The Boys in the Boat: Nine Americans and Their Epic Quest for Gold at the 1936 Berlin Olympics,4,22.6,Christian Fiction
The Black Maria,1,52.15,Christian Fiction
"Starving Hearts (Triangular Trade Trilogy, #1)",2,13.99,Christian Fiction
Shakespeare's Sonnets,4,20.66,Christian Fiction
Set Me Free,5,17.46,Christian Fiction
Scott Pilgrim's Precious Little Life (Scott Pilgrim #1),5,52.29,Christian Fiction
Rip it Up and Start Again,5,35.02,Christian Fiction
"Our Band Could Be Your Life: Scenes from the American Indie Underground, 1981-1991",3,57.25,Christian Fiction
Olio,1,23.88,Christian Fiction
Mesaerion: The Best Science Fiction Stories 1800-1849,1,37.59,Christian Fiction
Libertarianism for Beginners,2,51.33,Christian Fiction
It's Only the Himalayas,2,45.17,Christian Fiction
A Light in the Attic,3,51.77,Business
Tipping the Velvet,1,53.74,Business
Soumission,1,50.1,Business
Sharp Objects,4,47.82,Business
Sapiens: A Brief History of Humankind,5,54.23,Business
The Requiem Red,1,22.65,Business
The Dirty Little Secrets of Getting Your Dream Job,4,33.34,Business
"The Coming Woman: A Novel Based on the Life of the Infamous Feminist, Victoria Woodhull",3,17.93,Business
The Boys in the Boat: Nine Americans and Their Epic Quest for Gold at the 1936 Berlin Olympics,4,22.6,Business
The Black Maria,1,52.15,Business
"Starving Hearts (Triangular Trade Trilogy, #1)",2,13.99,Business
Shakespeare's Sonnets,4,20.66,Business
Set Me Free,5,17.46,Business
Scott Pilgrim's Precious Little Life (Scott Pilgrim #1),5,52.29,Business
Rip it Up and Start Again,5,35.02,Business
"Our Band Could Be Your Life: Scenes from the American Indie Underground, 1981-1991",3,57.25,Business
Olio,1,23.88,Business
Mesaerion: The Best Science Fiction Stories 1800-1849,1,37.59,Business
Libertarianism for Beginners,2,51.33,Business
It's Only the Himalayas,2,45.17,Business
A Light in the Attic,3,51.77,Biography
Tipping the Velvet,1,53.74,Biography
Soumission,1,50.1,Biography
Sharp Objects,4,47.82,Biography
Sapiens: A Brief History of Humankind,5,54.23,Biography
The Requiem Red,1,22.65,Biography
The Dirty Little Secrets of Getting Your Dream Job,4,33.34,Biography
"The Coming Woman: A Novel Based on the Life of the Infamous Feminist, Victoria Woodhull",3,17.93,Biography
The Boys in the Boat: Nine Americans and Their Epic Quest for Gold at the 1936 Berlin Olympics,4,22.6,Biography
The Black Maria,1,52.15,Biography
"Starving Hearts (Triangular Trade Trilogy, #1)",2,13.99,Biography
Shakespeare's Sonnets,4,20.66,Biography
Set Me Free,5,17.46,Biography
Scott Pilgrim's Precious Little Life (Scott Pilgrim #1),5,52.29,Biography
Rip it Up and Start Again,5,35.02,Biography
"Our Band Could Be Your Life: Scenes from the American Indie Underground, 1981-1991",3,57.25,Biography
Olio,1,23.88,Biography
Mesaerion: The Best Science Fiction Stories 1800-1849,1,37.59,Biography
Libertarianism for Beginners,2,51.33,Biography
It's Only the Himalayas,2,45.17,Biography
A Light in the Attic,3,51.77,Thriller
Tipping the Velvet,1,53.74,Thriller
Soumission,1,50.1,Thriller
Sharp Objects,4,47.82,Thriller
Sapiens: A Brief History of Humankind,5,54.23,Thriller
The Requiem Red,1,22.65,Thriller
The Dirty Little Secrets of Getting Your Dream Job,4,33.34,Thriller
"The Coming Woman: A Novel Based on the Life of the Infamous Feminist, Victoria Woodhull",3,17.93,Thriller
The Boys in the Boat: Nine Americans and Their Epic Quest for Gold at the 1936 Berlin Olympics,4,22.6,Thriller
The Black Maria,1,52.15,Thriller
"Starving Hearts (Triangular Trade Trilogy, #1)",2,13.99,Thriller
Shakespeare's Sonnets,4,20.66,Thriller
Set Me Free,5,17.46,Thriller
Scott Pilgrim's Precious Little Life (Scott Pilgrim #1),5,52.29,Thriller
Rip it Up and Start Again,5,35.02,Thriller
"Our Band Could Be Your Life: Scenes from the American Indie Underground, 1981-1991",3,57.25,Thriller
Olio,1,23.88,Thriller
Mesaerion: The Best Science Fiction Stories 1800-1849,1,37.59,Thriller
Libertarianism for Beginners,2,51.33,Thriller
It's Only the Himalayas,2,45.17,Thriller
A Light in the Attic,3,51.77,Contemporary
Tipping the Velvet,1,53.74,Contemporary
Soumission,1,50.1,Contemporary
Sharp Objects,4,47.82,Contemporary
Sapiens: A Brief History of Humankind,5,54.23,Contemporary
The Requiem Red,1,22.65,Contemporary
The Dirty Little Secrets of Getting Your Dream Job,4,33.34,Contemporary
"The Coming Woman: A Novel Based on the Life of the Infamous Feminist, Victoria Woodhull",3,17.93,Contemporary
The Boys in the Boat: Nine Americans and Their Epic Quest for Gold at the 1936 Berlin Olympics,4,22.6,Contemporary
The Black Maria,1,52.15,Contemporary
"Starving Hearts (Triangular Trade Trilogy, #1)",2,13.99,Contemporary
Shakespeare's Sonnets,4,20.66,Contemporary
Set Me Free,5,17.46,Contemporary
Scott Pilgrim's Precious Little Life (Scott Pilgrim #1),5,52.29,Contemporary
Rip it Up and Start Again,5,35.02,Contemporary
"Our Band Could Be Your Life: Scenes from the American Indie Underground, 1981-1991",3,57.25,Contemporary
Olio,1,23.88,Contemporary
Mesaerion: The Best Science Fiction Stories 1800-1849,1,37.59,Contemporary
Libertarianism for Beginners,2,51.33,Contemporary
It's Only the Himalayas,2,45.17,Contemporary
A Light in the Attic,3,51.77,Spirituality
Tipping the Velvet,1,53.74,Spirituality
Soumission,1,50.1,Spirituality
Sharp Objects,4,47.82,Spirituality
Sapiens: A Brief History of Humankind,5,54.23,Spirituality
The Requiem Red,1,22.65,Spirituality
The Dirty Little Secrets of Getting Your Dream Job,4,33.34,Spirituality
"The Coming Woman: A Novel Based on the Life of the Infamous Feminist, Victoria Woodhull",3,17.93,Spirituality
The Boys in the Boat: Nine Americans and Their Epic Quest for Gold at the 1936 Berlin Olympics,4,22.6,Spirituality
The Black Maria,1,52.15,Spirituality
"Starving Hearts (Triangular Trade Trilogy, #1)",2,13.99,Spirituality
Shakespeare's Sonnets,4,20.66,Spirituality
Set Me Free,5,17.46,Spirituality
Scott Pilgrim's Precious Little Life (Scott Pilgrim #1),5,52.29,Spirituality
Rip it Up and Start Again,5,35.02,Spirituality
"Our Band Could Be Your Life: Scenes from the American Indie Underground, 1981-1991",3,57.25,Spirituality
Olio,1,23.88,Spirituality
Mesaerion: The Best Science Fiction Stories 1800-1849,1,37.59,Spirituality
Libertarianism for Beginners,2,51.33,Spirituality
It's Only the Himalayas,2,45.17,Spirituality
A Light in the Attic,3,51.77,Academic
Tipping the Velvet,1,53.74,Academic
Soumission,1,50.1,Academic
Sharp Objects,4,47.82,Academic
Sapiens: A Brief History of Humankind,5,54.23,Academic
The Requiem Red,1,22.65,Academic
The Dirty Little Secrets of Getting Your Dream Job,4,33.34,Academic
"The Coming Woman: A Novel Based on the Life of the Infamous Feminist, Victoria Woodhull",3,17.93,Academic
The Boys in the Boat: Nine Americans and Their Epic Quest for Gold at the 1936 Berlin Olympics,4,22.6,Academic
The Black Maria,1,52.15,Academic
"Starving Hearts (Triangular Trade Trilogy, #1)",2,13.99,Academic
Shakespeare's Sonnets,4,20.66,Academic
Set Me Free,5,17.46,Academic
Scott Pilgrim's Precious Little Life (Scott Pilgrim #1),5,52.29,Academic
Rip it Up and Start Again,5,35.02,Academic
"Our Band Could Be Your Life: Scenes from the American Indie Underground, 1981-1991",3,57.25,Academic
Olio,1,23.88,Academic
Mesaerion: The Best Science Fiction Stories 1800-1849,1,37.59,Academic
Libertarianism for Beginners,2,51.33,Academic
It's Only the Himalayas,2,45.17,Academic
A Light in the Attic,3,51.77,Self Help
Tipping the Velvet,1,53.74,Self Help
Soumission,1,50.1,Self Help
Sharp Objects,4,47.82,Self Help
Sapiens: A Brief History of Humankind,5,54.23,Self Help
The Requiem Red,1,22.65,Self Help
The Dirty Little Secrets of Getting Your Dream Job,4,33.34,Self Help
"The Coming Woman: A Novel Based on the Life of the Infamous Feminist, Victoria Woodhull",3,17.93,Self Help
The Boys in the Boat: Nine Americans and Their Epic Quest for Gold at the 1936 Berlin Olympics,4,22.6,Self Help
The Black Maria,1,52.15,Self Help
"Starving Hearts (Triangular Trade Trilogy, #1)",2,13.99,Self Help
Shakespeare's Sonnets,4,20.66,Self Help
Set Me Free,5,17.46,Self Help
Scott Pilgrim's Precious Little Life (Scott Pilgrim #1),5,52.29,Self Help
Rip it Up and Start Again,5,35.02,Self Help
"Our Band Could Be Your Life: Scenes from the American Indie Underground, 1981-1991",3,57.25,Self Help
Olio,1,23.88,Self Help
Mesaerion: The Best Science Fiction Stories 1800-1849,1,37.59,Self Help
Libertarianism for Beginners,2,51.33,Self Help
It's Only the Himalayas,2,45.17,Self Help
A Light in the Attic,3,51.77,Historical
Tipping the Velvet,1,53.74,Historical
Soumission,1,50.1,Historical
Sharp Objects,4,47.82,Historical
Sapiens: A Brief History of Humankind,5,54.23,Historical
The Requiem Red,1,22.65,Historical
The Dirty Little Secrets of Getting Your Dream Job,4,33.34,Historical
"The Coming Woman: A Novel Based on the Life of the Infamous Feminist, Victoria Woodhull",3,17.93,Historical
The Boys in the Boat: Nine Americans and Their Epic Quest for Gold at the 1936 Berlin Olympics,4,22.6,Historical
The Black Maria,1,52.15,Historical
"Starving Hearts (Triangular Trade Trilogy, #1)",2,13.99,Historical
Shakespeare's Sonnets,4,20.66,Historical
Set Me Free,5,17.46,Historical
Scott Pilgrim's Precious Little Life (Scott Pilgrim #1),5,52.29,Historical
Rip it Up and Start Again,5,35.02,Historical
"Our Band Could Be Your Life: Scenes from the American Indie Underground, 1981-1991",3,57.25,Historical
Olio,1,23.88,Historical
Mesaerion: The Best Science Fiction Stories 1800-1849,1,37.59,Historical
Libertarianism for Beginners,2,51.33,Historical
It's Only the Himalayas,2,45.17,Historical
A Light in the Attic,3,51.77,Christian
Tipping the Velvet,1,53.74,Christian
Soumission,1,50.1,Christian
Sharp Objects,4,47.82,Christian
Sapiens: A Brief History of Humankind,5,54.23,Christian
The Requiem Red,1,22.65,Christian
The Dirty Little Secrets of Getting Your Dream Job,4,33.34,Christian
"The Coming Woman: A Novel Based on the Life of the Infamous Feminist, Victoria Woodhull",3,17.93,Christian
The Boys in the Boat: Nine Americans and Their Epic Quest for Gold at the 1936 Berlin Olympics,4,22.6,Christian
The Black Maria,1,52.15,Christian
"Starving Hearts (Triangular Trade Trilogy, #1)",2,13.99,Christian
Shakespeare's Sonnets,4,20.66,Christian
Set Me Free,5,17.46,Christian
Scott Pilgrim's Precious Little Life (Scott Pilgrim #1),5,52.29,Christian
Rip it Up and Start Again,5,35.02,Christian
"Our Band Could Be Your Life: Scenes from the American Indie Underground, 1981-1991",3,57.25,Christian
Olio,1,23.88,Christian
Mesaerion: The Best Science Fiction Stories 1800-1849,1,37.59,Christian
Libertarianism for Beginners,2,51.33,Christian
It's Only the Himalayas,2,45.17,Christian
A Light in the Attic,3,51.77,Suspense
Tipping the Velvet,1,53.74,Suspense
Soumission,1,50.1,Suspense
Sharp Objects,4,47.82,Suspense
Sapiens: A Brief History of Humankind,5,54.23,Suspense
The Requiem Red,1,22.65,Suspense
The Dirty Little Secrets of Getting Your Dream Job,4,33.34,Suspense
"The Coming Woman: A Novel Based on the Life of the Infamous Feminist, Victoria Woodhull",3,17.93,Suspense
The Boys in the Boat: Nine Americans and Their Epic Quest for Gold at the 1936 Berlin Olympics,4,22.6,Suspense
The Black Maria,1,52.15,Suspense
"Starving Hearts (Triangular Trade Trilogy, #1)",2,13.99,Suspense
Shakespeare's Sonnets,4,20.66,Suspense
Set Me Free,5,17.46,Suspense
Scott Pilgrim's Precious Little Life (Scott Pilgrim #1),5,52.29,Suspense
Rip it Up and Start Again,5,35.02,Suspense
"Our Band Could Be Your Life: Scenes from the American Indie Underground, 1981-1991",3,57.25,Suspense
Olio,1,23.88,Suspense
Mesaerion: The Best Science Fiction Stories 1800-1849,1,37.59,Suspense
Libertarianism for Beginners,2,51.33,Suspense
It's Only the Himalayas,2,45.17,Suspense
A Light in the Attic,3,51.77,Short Stories
Tipping the Velvet,1,53.74,Short Stories
Soumission,1,50.1,Short Stories
Sharp Objects,4,47.82,Short Stories
Sapiens: A Brief History of Humankind,5,54.23,Short Stories
The Requiem Red,1,22.65,Short Stories
The Dirty Little Secrets of Getting Your Dream Job,4,33.34,Short Stories
"The Coming Woman: A Novel Based on the Life of the Infamous Feminist, Victoria Woodhull",3,17.93,Short Stories
The Boys in the Boat: Nine Americans and Their Epic Quest for Gold at the 1936 Berlin Olympics,4,22.6,Short Stories
The Black Maria,1,52.15,Short Stories
"Starving Hearts (Triangular Trade Trilogy, #1)",2,13.99,Short Stories
Shakespeare's Sonnets,4,20.66,Short Stories
Set Me Free,5,17.46,Short Stories
Scott Pilgrim's Precious Little Life (Scott Pilgrim #1),5,52.29,Short Stories
Rip it Up and Start Again,5,35.02,Short Stories
"Our Band Could Be Your Life: Scenes from the American Indie Underground, 1981-1991",3,57.25,Short Stories
Olio,1,23.88,Short Stories
Mesaerion: The Best Science Fiction Stories 1800-1849,1,37.59,Short Stories
Libertarianism for Beginners,2,51.33,Short Stories
It's Only the Himalayas,2,45.17,Short Stories
A Light in the Attic,3,51.77,Novels
Tipping the Velvet,1,53.74,Novels
Soumission,1,50.1,Novels
Sharp Objects,4,47.82,Novels
Sapiens: A Brief History of Humankind,5,54.23,Novels
The Requiem Red,1,22.65,Novels
The Dirty Little Secrets of Getting Your Dream Job,4,33.34,Novels
"The Coming Woman: A Novel Based on the Life of the Infamous Feminist, Victoria Woodhull",3,17.93,Novels
The Boys in the Boat: Nine Americans and Their Epic Quest for Gold at the 1936 Berlin Olympics,4,22.6,Novels
The Black Maria,1,52.15,Novels
"Starving Hearts (Triangular Trade Trilogy, #1)",2,13.99,Novels
Shakespeare's Sonnets,4,20.66,Novels
Set Me Free,5,17.46,Novels
Scott Pilgrim's Precious Little Life (Scott Pilgrim #1),5,52.29,Novels
Rip it Up and Start Again,5,35.02,Novels
"Our Band Could Be Your Life: Scenes from the American Indie Underground, 1981-1991",3,57.25,Novels
Olio,1,23.88,Novels
Mesaerion: The Best Science Fiction Stories 1800-1849,1,37.59,Novels
Libertarianism for Beginners,2,51.33,Novels
It's Only the Himalayas,2,45.17,Novels
A Light in the Attic,3,51.77,Health
Tipping the Velvet,1,53.74,Health
Soumission,1,50.1,Health
Sharp Objects,4,47.82,Health
Sapiens: A Brief History of Humankind,5,54.23,Health
The Requiem Red,1,22.65,Health
The Dirty Little Secrets of Getting Your Dream Job,4,33.34,Health
"The Coming Woman: A Novel Based on the Life of the Infamous Feminist, Victoria Woodhull",3,17.93,Health
The Boys in the Boat: Nine Americans and Their Epic Quest for Gold at the 1936 Berlin Olympics,4,22.6,Health
The Black Maria,1,52.15,Health
"Starving Hearts (Triangular Trade Trilogy, #1)",2,13.99,Health
Shakespeare's Sonnets,4,20.66,Health
Set Me Free,5,17.46,Health
Scott Pilgrim's Precious Little Life (Scott Pilgrim #1),5,52.29,Health
Rip it Up and Start Again,5,35.02,Health
"Our Band Could Be Your Life: Scenes from the American Indie Underground, 1981-1991",3,57.25,Health
Olio,1,23.88,Health
Mesaerion: The Best Science Fiction Stories 1800-1849,1,37.59,Health
Libertarianism for Beginners,2,51.33,Health
It's Only the Himalayas,2,45.17,Health
A Light in the Attic,3,51.77,Politics
Tipping the Velvet,1,53.74,Politics
Soumission,1,50.1,Politics
Sharp Objects,4,47.82,Politics
Sapiens: A Brief History of Humankind,5,54.23,Politics
The Requiem Red,1,22.65,Politics
The Dirty Little Secrets of Getting Your Dream Job,4,33.34,Politics
"The Coming Woman: A Novel Based on the Life of the Infamous Feminist, Victoria Woodhull",3,17.93,Politics
The Boys in the Boat: Nine Americans and Their Epic Quest for Gold at the 1936 Berlin Olympics,4,22.6,Politics
The Black Maria,1,52.15,Politics
"Starving Hearts (Triangular Trade Trilogy, #1)",2,13.99,Politics
Shakespeare's Sonnets,4,20.66,Politics
Set Me Free,5,17.46,Politics
Scott Pilgrim's Precious Little Life (Scott Pilgrim #1),5,52.29,Politics
Rip it Up and Start Again,5,35.02,Politics
"Our Band Could Be Your Life: Scenes from the American Indie Underground, 1981-1991",3,57.25,Politics
Olio,1,23.88,Politics
Mesaerion: The Best Science Fiction Stories 1800-1849,1,37.59,Politics
Libertarianism for Beginners,2,51.33,Politics
It's Only the Himalayas,2,45.17,Politics
A Light in the Attic,3,51.77,Cultural
Tipping the Velvet,1,53.74,Cultural
Soumission,1,50.1,Cultural
Sharp Objects,4,47.82,Cultural
Sapiens: A Brief History of Humankind,5,54.23,Cultural
The Requiem Red,1,22.65,Cultural
The Dirty Little Secrets of Getting Your Dream Job,4,33.34,Cultural
"The Coming Woman: A Novel Based on the Life of the Infamous Feminist, Victoria Woodhull",3,17.93,Cultural
The Boys in the Boat: Nine Americans and Their Epic Quest for Gold at the 1936 Berlin Olympics,4,22.6,Cultural
The Black Maria,1,52.15,Cultural
"Starving Hearts (Triangular Trade Trilogy, #1)",2,13.99,Cultural
Shakespeare's Sonnets,4,20.66,Cultural
Set Me Free,5,17.46,Cultural
Scott Pilgrim's Precious Little Life (Scott Pilgrim #1),5,52.29,Cultural
Rip it Up and Start Again,5,35.02,Cultural
"Our Band Could Be Your Life: Scenes from the American Indie Underground, 1981-1991",3,57.25,Cultural
Olio,1,23.88,Cultural
Mesaerion: The Best Science Fiction Stories 1800-1849,1,37.59,Cultural
Libertarianism for Beginners,2,51.33,Cultural
It's Only the Himalayas,2,45.17,Cultural
A Light in the Attic,3,51.77,Erotica
Tipping the Velvet,1,53.74,Erotica
Soumission,1,50.1,Erotica
Sharp Objects,4,47.82,Erotica
Sapiens: A Brief History of Humankind,5,54.23,Erotica
The Requiem Red,1,22.65,Erotica
The Dirty Little Secrets of Getting Your Dream Job,4,33.34,Erotica
"The Coming Woman: A Novel Based on the Life of the Infamous Feminist, Victoria Woodhull",3,17.93,Erotica
The Boys in the Boat: Nine Americans and Their Epic Quest for Gold at the 1936 Berlin Olympics,4,22.6,Erotica
The Black Maria,1,52.15,Erotica
"Starving Hearts (Triangular Trade Trilogy, #1)",2,13.99,Erotica
Shakespeare's Sonnets,4,20.66,Erotica
Set Me Free,5,17.46,Erotica
Scott Pilgrim's Precious Little Life (Scott Pilgrim #1),5,52.29,Erotica
Rip it Up and Start Again,5,35.02,Erotica
"Our Band Could Be Your Life: Scenes from the American Indie Underground, 1981-1991",3,57.25,Erotica
Olio,1,23.88,Erotica
Mesaerion: The Best Science Fiction Stories 1800-1849,1,37.59,Erotica
Libertarianism for Beginners,2,51.33,Erotica
It's Only the Himalayas,2,45.17,Erotica
A Light in the Attic,3,51.77,Crime
Tipping the Velvet,1,53.74,Crime
Soumission,1,50.1,Crime
Sharp Objects,4,47.82,Crime
Sapiens: A Brief History of Humankind,5,54.23,Crime
The Requiem Red,1,22.65,Crime
The Dirty Little Secrets of Getting Your Dream Job,4,33.34,Crime
"The Coming Woman: A Novel Based on the Life of the Infamous Feminist, Victoria Woodhull",3,17.93,Crime
The Boys in the Boat: Nine Americans and Their Epic Quest for Gold at the 1936 Berlin Olympics,4,22.6,Crime
The Black Maria,1,52.15,Crime
"Starving Hearts (Triangular Trade Trilogy, #1)",2,13.99,Crime
Shakespeare's Sonnets,4,20.66,Crime
Set Me Free,5,17.46,Crime
Scott Pilgrim's Precious Little Life (Scott Pilgrim #1),5,52.29,Crime
Rip it Up and Start Again,5,35.02,Crime
"Our Band Could Be Your Life: Scenes from the American Indie Underground, 1981-1991",3,57.25,Crime
Olio,1,23.88,Crime
Mesaerion: The Best Science Fiction Stories 1800-1849,1,37.59,Crime
Libertarianism for Beginners,2,51.33,Crime
It's Only the Himalayas,2,45.17,Crime
